Delta_Power,Theta_Power,Alpha_Power,Beta_Power,Gamma_Power,Relative_Delta,Relative_Theta,Relative_Alpha,Relative_Beta,Relative_Gamma
9.930550888674537,10.496723041480239,1208.2258399565274,47.14821217539177,15.142161714982452,0.00769247529632337,0.00813104767239277,0.9359246561885022,0.03652228979951613,0.011729531043265524
8.612737914322473,8.905721686167276,1222.633224361848,49.75817338026263,18.604335351224627,0.006582074510473223,0.006805980199445263,0.9343675683370506,0.03802646823251186,0.014217908720519163
13.546893684138544,9.789650216375975,1212.350472622453,45.932489047403635,16.99930449776858,0.010431770723718167,0.00753850948444394,0.9335691607291903,0.035370263152890505,0.013090295909757084
9.962732123183027,8.120396075068207,1248.0385802441365,48.353826139904385,16.91816708989134,0.007482934695177083,0.006099169663240315,0.9373925824319614,0.03631820255659441,0.012707110653026765
8.03860812872079,6.24063160053899,1247.0553765132108,43.79171420979155,22.3062077505132,0.006055756430081444,0.0047012796665269665,0.9394491551349282,0.03298978512993331,0.01680402363852991
10.845164571233305,9.654442524677693,1275.0813093850388,54.931517666385375,18.79709815277713,0.00792017021382742,0.007050591774133449,0.9311855934013746,0.040116216509581706,0.013727428101082817
10.330982908901177,12.95093058401184,1175.8347967335922,59.45586930890168,16.60186183269289,0.008101623255416999,0.010156203076119641,0.9220972116348813,0.04662567518614403,0.01301928684743807
5.95624159767052,6.257605018207551,1228.754798017043,41.37320885117953,14.862528933347827,0.00459159842381242,0.004823916032835151,0.9472329994192249,0.031894132807412434,0.011457353316715031
12.582088377328782,5.945434081258677,1127.2428421334434,41.77374592445205,14.216200988963289,0.010469715347453262,0.004947271119155887,0.9379930684525147,0.03476046389992863,0.011829481180947506
10.668694572629601,9.56466078763081,1214.2140449054787,53.196439930456165,22.797905404844467,0.008141296328847003,0.007298806543471292,0.9265685017906494,0.04059428059967472,0.0173971147373576
8.440747322073445,6.375891934409786,1194.2545466035788,51.29695203401399,12.97248328228471,0.006628821213820667,0.005007216316180578,0.9378908728288907,0.040285333854050705,0.010187755787057383
11.786100163143676,5.495092174947777,1211.313621629864,48.30309102105682,16.85190216708032,0.009110030469532404,0.004247414874617088,0.9362811997572862,0.03733572809354552,0.013025626805018812
12.711536492459523,5.608787970376127,1180.4033689833552,55.254218459532346,19.853545707917338,0.009978978314975006,0.004403084832653976,0.9266558475441399,0.0433763965627321,0.015585692745499001
6.687632010202348,9.109066720600921,1192.062034830098,45.07957839888583,13.903911465178966,0.005278977828921765,0.007190371896489322,0.9409711902460148,0.03558420896093211,0.010975251067642114
8.427948115531725,12.389024084335496,1265.7211767631109,51.615126981179415,15.929399386775469,0.006224101577454984,0.009149385270221896,0.9347443843883263,0.038118150332707615,0.011763978431289198
13.026110628505954,14.798065501721652,1144.9015141701298,47.243365484596204,19.499718395158293,0.010509430249360265,0.011939038570382969,0.9237033945671309,0.03811581741205777,0.015732319201068247
8.75976384760562,12.399713443658747,1216.9235176726534,53.299911643270605,26.831247038874423,0.0066451750828019065,0.009406448420662336,0.9231607127770184,0.040433423883249775,0.020354239836267562
7.64260561441457,6.943179685702746,1239.4388226468377,50.27474453898516,19.125416868636137,0.005774869710306093,0.005246372779533874,0.9365389339443163,0.03798836602061162,0.014451457545232017
10.339330867485586,7.363178417079781,1205.8232783612991,40.72124860855969,20.917875087194616,0.00804513940292073,0.005729364653593878,0.9382634615370156,0.031685621237549706,0.01627641316891999
10.501541233930313,6.831327821521464,1312.7040859616852,45.09926718592557,13.486350175052554,0.007562559793296226,0.004919499335101782,0.9453282065792622,0.03247769990422225,0.009712034388117585
14.427631393218796,8.652099051892106,1186.6872951790358,47.07701067200981,16.16255295144553,0.011333508809051885,0.006796586227417599,0.9321925787363091,0.036980963861180174,0.012696362366041046
14.717378099823152,11.464034737394872,1220.5060995150302,51.36700267126065,15.996869914390258,0.0112000019698763,0.008724190597719016,0.9288115468731918,0.03909055860375521,0.01217370195545759
7.705470136581463,7.714928175643905,1246.1570840276434,44.89907573974785,13.686141630723387,0.005836757952843341,0.005843922250898814,0.9439420491891384,0.034010259303341374,0.010367011303778161
12.13778884757313,13.358235110985579,1263.5938589445327,42.19910305272493,16.61805655795539,0.009004915372307002,0.0099103533772427,0.9374488144137895,0.03130713151704137,0.012328785319619399
12.318329321179068,13.740817572881099,1243.143327004054,56.200001329370764,21.028037218027325,0.009148878614467355,0.010205367039643025,0.9232881426209969,0.04173999386518291,0.015617617859709856
8.915532873041245,8.992612623289837,1244.0825459519604,51.87000027725003,14.624353213233855,0.006711052493219543,0.0067690732820438115,0.936467106416915,0.03904447436187775,0.011008293445943784
10.688990288342234,14.66503801337699,1213.820843562555,49.275330414363665,14.888333689526903,0.008201238583344797,0.011251902409594061,0.9313166227076123,0.03780700796801059,0.011423228331438337
11.055397490285314,10.143913997430396,1161.576018731281,39.70581011438462,16.656689531131125,0.008921846483771796,0.008186267704004754,0.9374066312367269,0.03204309412353754,0.01344216045195906
7.209754931877194,8.29937156122771,1229.399135086241,53.77697237416896,19.202241874719892,0.005470690832194288,0.0062974811684980295,0.9328559210365188,0.04080543548710218,0.014570471475686587
6.585187607993274,8.35707214340744,1204.3339940998765,43.80594932882321,17.0650218431413,0.005144086148273857,0.0065282117400642815,0.9407777250604993,0.03421946200604222,0.013330515045120277
10.715210970993887,11.346376111108318,1193.4802781421697,42.665507508552075,13.508212129146365,0.008425791976243569,0.008922101959094755,0.9384805001597175,0.033549567227473195,0.01062203867747089
13.239200380273054,8.349110501838094,1192.7821536123643,53.83211449974506,15.39210668826321,0.01031415954580227,0.006504475746874018,0.9292513960340724,0.04193856137003456,0.011991407303216801
10.472826650138831,6.609436908488007,1161.457464363639,44.21628723545923,17.104359473208856,0.008446779060308504,0.005330791308219218,0.9367647261969857,0.03566231177330832,0.013795391661178191
11.142279088183077,13.661309262754855,1223.142568483181,45.643451480483215,16.167025242566275,0.008507136976983088,0.010430418073663121,0.9338701077323409,0.03484880344260609,0.012343533774406812
13.350985392312209,10.304219573324795,1235.775046858133,45.9959223619031,21.104818234558884,0.010064586103603638,0.007767794067536207,0.9315839991069366,0.03467383922782261,0.015909781494101032
9.980144402404562,10.182712837004111,1181.3777064985695,39.02537489896493,15.174192459147662,0.007947619220939646,0.008108933197918892,0.9407819956087469,0.031077588374038085,0.012083863598356654
11.581210481130245,8.892777522698632,1173.6520267741698,45.992879555933385,13.179652586415571,0.009240583985027376,0.007095498151298666,0.9364504807398937,0.036697464996627356,0.010515972127152872
13.092119921446923,7.538778402420641,1232.233910861518,52.85628656557888,21.796450928833497,0.009862106873232003,0.005678854054528758,0.9282241985753107,0.03981588544556391,0.016418955051364665
16.562611566594835,15.334902707214244,1253.8656056214131,53.66596557128697,12.121013782189651,0.012254530243312236,0.011346159284615957,0.9277241045806688,0.039706974681233694,0.00896823121016934
10.464100084065803,11.483826799431618,1234.9679149950314,45.96462489612305,16.529179002047737,0.007930895546777573,0.008703761440724808,0.9360003687619246,0.034837266078242855,0.012527708172329958
7.840387949852812,11.707112275047873,1223.9229076719685,43.34525610547562,22.80617842464437,0.005986757165964046,0.008939307436528604,0.934562075876649,0.033097536022420236,0.017414323498438296
5.93941629374039,6.2602999485092035,1205.5798802262589,45.015027735956174,15.758544696185997,0.004645419868496614,0.004896393908977639,0.9429251043684502,0.03520778707596637,0.012325294778109072
9.287667398373141,13.323322769188012,1172.440839237695,61.233602123501285,16.44917480348789,0.0072974109073204625,0.010468264713554887,0.9211982084909469,0.048111838728078365,0.01292427716009936
10.455302945816463,6.767039435269446,1280.977249997716,54.206442939817414,14.594186746922254,0.007648354972480157,0.0049502840789919025,0.937071720487474,0.03965357288524161,0.010676067575812383
11.111986888226646,13.841150981289502,1121.3008044537585,44.109020623709554,13.846779732607194,0.009227617494192,0.011493970270071355,0.9311507495020385,0.03662901823527748,0.01149864449842062
12.701639621188935,13.301351040158977,1266.1256222144186,48.71899556094787,13.660972090272603,0.009377304657787562,0.00982005668430977,0.93474905985595,0.03596802283968787,0.010085555962264665
10.275804316294632,7.869066071150634,1271.2859161009155,47.683856455189826,13.480182823045569,0.0076083545710772995,0.005826370663521652,0.9412785328711257,0.035305818995807654,0.009980922898467517
17.158202471037455,11.102506540985017,1192.2994575798084,54.913329450408625,18.95466874426992,0.013255430419244135,0.00857715155079012,0.9211012940037927,0.042422848130367674,0.014643275895805406
16.55846160302781,9.509056567742736,1195.4625229852861,48.47356636444642,14.879001982832593,0.012887139634824997,0.00740072011046862,0.9304060263119177,0.037726066183729895,0.011580047759058696
13.833726531859119,9.362942726578186,1186.5651173834585,47.78873518623497,17.730531681161604,0.010847590414514314,0.007341866093606135,0.9304342083012154,0.03747310058024535,0.013903234610418688
12.468739459359186,11.901743374304944,1258.164926260673,43.26710789403688,19.316376095135283,0.009269618859323456,0.008848097692704142,0.9353559248405875,0.032166010095102227,0.01436034851228282
7.803315960213395,7.687868190280465,1227.906815780733,59.755172688527814,15.586656072026766,0.005917252054148128,0.005829708046284609,0.9311213546942335,0.04531232877663689,0.011819356428696833
11.769995392364903,7.9386000165561725,1238.179817120217,41.43617437653276,21.391337896118007,0.008911829691257282,0.006010830843693798,0.937506540103271,0.031374024949953894,0.01619677441182394
9.241493076575852,9.735267852533244,1211.535017581894,52.693992115655945,20.028808960122657,0.007091196950518352,0.007470080985435499,0.9296369483735131,0.04043323661068271,0.015368537079850367
7.361107795410635,6.502623104834546,1232.6274836093223,47.45965499057263,17.455625591019146,0.005613139650417048,0.004958510674741269,0.9399278471040662,0.03618988861823015,0.013310613952545479
14.530253833348954,8.747668089435036,1182.166228062674,47.097903853999924,12.834345446866514,0.01148294992821429,0.006913095656255913,0.9342407751001354,0.03722046964094104,0.010142709674453482
12.424528258471916,11.549992252823245,1194.631062015365,49.633187714734,16.895792864503804,0.009667881181597407,0.00898737967556437,0.9295766344717978,0.03862100447659045,0.013147100194449873
13.150026276092788,12.342785199899252,1224.407359998505,50.91713660245098,13.980896999838638,0.010001554782564372,0.009387589024871242,0.9312511648333116,0.0387261987473411,0.010633492611911596
10.27426418545828,11.822570156031937,1245.2675560560517,55.859803872255,23.781202493104047,0.0076274855395154365,0.0087769285738897,0.9244710964400411,0.04146962143321495,0.017654868013338775
5.54102292609343,8.8101797781795,1280.995322215312,46.274850182765505,14.801560620669742,0.00408502597542696,0.0064951568910793815,0.9443922603184952,0.03411535514776548,0.010912201667232942
14.446479768841806,9.740651894141367,1178.6282318814153,49.07184036552006,17.96983307921977,0.011376461560661,0.007670668122796475,0.928158208010542,0.03864359446467342,0.014151067841326989
11.166618353001661,13.029904088287399,1254.8454899846108,46.065645127883045,18.993538577972192,0.008307870259425806,0.009694139195610199,0.9335945043393927,0.03427245304182251,0.014131033163748748
11.33942308903449,12.367732807701392,1220.9266649792507,53.56138061798293,19.853541726609052,0.00860318948548689,0.009383365274854347,0.9263137431442667,0.04063687393465334,0.0150628281607386
5.011655027954908,12.910040597951912,1113.6831067970566,54.98428386627006,19.41617505169168,0.004155583054739399,0.010704796249062449,0.9234479670169781,0.045592076277622955,0.0160995774015972
9.1801328535506,7.508802479969402,1165.5991796583505,62.41119999632554,15.815278220286784,0.0072828453577706825,0.0059569341921355155,0.9247010593439168,0.049512477152260176,0.01254668395391676
13.276084361277677,8.271610995632063,1264.6683018770225,50.03730472847558,19.124755613502796,0.009795115309024487,0.00610280722002082,0.9330742037678237,0.03691759981563161,0.014110273887499225
11.800761496409688,10.970754739653334,1260.2767617068478,56.85221524633126,18.426548892186155,0.008687717413272452,0.008076666664047511,0.9278154101796181,0.041854585445942345,0.013565620297119527
14.666053781871097,13.271452534962691,1180.275606666075,57.72064339012104,14.472134594110361,0.011454222356625724,0.010365035516150466,0.9217980134210152,0.04507995768944986,0.011302771016758598
10.033237958224193,9.030015099143926,1225.4666157009115,42.05460047858895,16.238142952924022,0.0077011542970997875,0.006931116342819853,0.9406243062063062,0.03227960589961154,0.012463817254162363
8.113484159111222,9.842206900023443,1196.151777532201,52.78160112085308,15.292107730788066,0.006327876513748039,0.007676143647383374,0.9329038661428939,0.04116547805366645,0.01192663564230817
6.0064953220577895,6.176725723133426,1236.039536471971,41.40721221145377,17.746089248531884,0.004594313381229493,0.004724521059354501,0.9454353458476298,0.03167199821897423,0.01357382149281202
18.150112590253695,10.293346386147942,1186.3106459825426,40.427229059805995,15.671043946126007,0.014281841781906258,0.008099561022682706,0.9334763553594497,0.03181111336042471,0.012331128475536536
5.641333767991629,7.382267004665282,1266.0595778951779,43.23771513267525,21.096407734612807,0.004199241562205041,0.005495140635921218,0.9424172045785414,0.03218487292315464,0.01570354030017772
10.742459508494566,13.117847266278494,1266.9445809128122,44.358567558739246,13.833092476521355,0.00796329651593862,0.009724151843399366,0.9391755546383418,0.03288263979149397,0.010254357210826156
11.59048109621333,9.234480912580374,1217.96897768081,40.26283560524549,18.67041053700979,0.008931369568854097,0.0071158876945780864,0.9385400806719458,0.031025654732998852,0.014387007331623273
9.764018180535226,10.092689316223382,1298.1140875063086,40.58980590274594,17.518147032426505,0.007095537370346373,0.007334383538256894,0.943342878778744,0.029496717367055558,0.012730482945597199
11.84604776547378,6.910806620317452,1208.0385413696415,54.214580903739225,18.743111048103202,0.009114075494423212,0.005317014966671788,0.9294369467516208,0.041711446132720556,0.014420516654563582
10.88573938711076,15.407472155137029,1201.5990190557145,46.21295532985265,13.497190537123961,0.008454270966008254,0.011966017177940935,0.9332065869237186,0.03589070366329121,0.010482421269041116
12.604877717116667,8.09984998562792,1251.1062594764958,61.55614679568261,19.13572045708862,0.009319668107029711,0.005988785871383229,0.9250304022477662,0.045512766641467334,0.014148377132353436
9.317458755480306,12.89782378226744,1224.9307585763354,51.51124963161398,16.519886129587082,0.00708456542533498,0.00980690967654354,0.9313807904472884,0.03916677580582642,0.01256095864500668
7.545145241538817,7.89716654473675,1172.5724479490248,47.97494762981898,24.48650088392771,0.005985948161623719,0.006265224597699361,0.9302614680667944,0.038060970382346175,0.019426388791536502
11.950078261767583,11.268998826436132,1180.3925235387965,61.05311618710484,15.422624695202968,0.009335361638431364,0.00880330463478315,0.9221187377316263,0.047694492561046,0.012048103434113073
7.77541079346417,7.237000547295013,1218.5466879244113,62.50378487233945,11.96551843224083,0.005944374585588974,0.005532754895136231,0.9315903886570477,0.04778473062935377,0.009147751232873374
7.272357841684965,5.210130806098714,1201.3679133149826,47.20244622653621,18.23985426669049,0.005684670777628491,0.004072665150122624,0.9390875997405362,0.03689729968436207,0.01425776464735046
13.407078276469175,9.188561514952017,1204.4828896454273,52.00992589060675,18.64792654603607,0.010331126154538333,0.007080453043696631,0.9281414210693255,0.04007741989595918,0.014369579836480182
9.754367915914193,8.665651063213112,1265.7695929573179,46.96943798665087,20.5359251422395,0.007216397261107452,0.0064109516000784485,0.9364313815667885,0.03474854819548364,0.01519272137654198
9.935999084684006,11.171298253880968,1245.589715780027,48.05448616824373,18.29870633834534,0.007453582050215557,0.008380253201822802,0.9343907007582387,0.036048519377187956,0.013726944612535066
14.294296479103666,9.358041619066956,1221.8605191432048,55.1139300962397,15.519054763852871,0.01086072380571457,0.007110185907760136,0.9283625568366196,0.04187524538180374,0.011791288068101827
7.831504343837484,11.89701440199175,1146.880232523237,61.44308389987514,16.48376528720335,0.006292712189966358,0.009559400629143337,0.921532684242126,0.049370290313394925,0.013244912625369459
18.39734482950345,10.198212543388873,1225.668571385494,47.08404496307889,16.049318330157153,0.013964915631388304,0.007741181082337491,0.9303711133355232,0.03574019629394732,0.012182593656803667
7.094398513689077,9.920260023421097,1236.9732285076848,45.30004424764158,20.94162622435066,0.0053736098190627505,0.007514041756556384,0.9369379904160768,0.03431224819178128,0.01586210981652286
6.545543252077883,7.525961951042458,1259.3848522716016,44.81189214486771,19.495326999550656,0.004892899886406006,0.0056257787867587394,0.9414106306096172,0.033497617163503926,0.014573073553714308
11.091213870852819,10.072793530564411,1244.14421116449,56.694602201713224,20.54806906094377,0.008261298662778513,0.0075027275367197796,0.9267017143188963,0.04222901539989504,0.015305244081710481
10.973839530738507,11.562626494409141,1155.6430172198025,59.26267212111799,20.299116619557736,0.00872503731503845,0.009193167745982408,0.9188241198409286,0.04711833303168832,0.016139342066362382
9.630035846089097,9.937285666619278,1246.1749611381335,48.24481721018963,18.540771863721687,0.007226892622984682,0.007457469278865428,0.9351961693117541,0.036205484503482925,0.013913984282912972
13.511395755092476,14.629603849376753,1208.9035563765947,49.34503444418534,15.099950602039305,0.010381486234939463,0.011240661863351856,0.9288615223310868,0.03791427659513609,0.011602052975485803
9.980873903871437,10.209662460422322,1263.8260750134143,56.70123642469866,23.425461700217213,0.007316587512722935,0.00748430343740412,0.926461366785733,0.04156545432559598,0.01717228793854386
17.411062192096676,6.363894111966648,1154.60669606484,45.163119497165596,18.3724863999835,0.014019502568476871,0.005124249678961567,0.9296969571683751,0.03636564287722494,0.014793647706961502
8.931870045883262,8.999467119096979,1233.1306005636995,55.73959660663917,14.791854833927964,0.006758410051897906,0.00680955821423565,0.9330635357814894,0.042176055860628246,0.011192440091748732
11.13147464457747,7.86942847757412,1165.3171345205371,45.913137817581585,16.50515489354461,0.008928491432842448,0.006312023068535134,0.9346941339150904,0.036826662302005556,0.013238689281526403
